Employee_ID,Age,Gender,City,Department,Education,Experience,Performance_Score,Salary
E0001,49.0,Female,Delhi,Sales,Master's,25,1,164411.81
E0002,34.0,Female,Hyderabad,HR,Bachelor's,15,9,129595.64
E0003,30.0,Male,Hyderabad,HR,Master's,3,6,66281.13
E0004,60.0,Female,Bangalore,Sales,Bachelor's,4,7,91765.23
E0005,28.0,Female,Mumbai,HR,Master's,9,2,80590.41
E0006,33.0,Male,Bangalore,IT,Bachelor's,14,10,135056.12
E0007,46.0,Female,Hyderabad,IT,Master's,14,10,140995.82
E0008,52.0,Male,Mumbai,Sales,Master's,10,3,
E0009,46.0,Female,Delhi,HR,Bachelor's,14,2,110580.43
E0010,55.0,Male,Bangalore,HR,Bachelor's,18,1,122058.13
E0011,22.0,Female,Mumbai,IT,Master's,9,7,101406.31
E0012,36.0,Male,Delhi,Operations,Master's,15,10,142251.11
E0013,43.0,Male,Chennai,Operations,Master's,5,3,67202.7
E0014,38.0,Female,Bangalore,HR,Bachelor's,12,5,105340.02
E0015,36.0,Female,Hyderabad,Sales,Bachelor's,13,6,117636.94
E0016,35.0,Male,Hyderabad,Finance,Master's,11,9,117205.19
E0017,22.0,Female,Chennai,IT,Master's,17,6,132933.74
E0018,25.0,Female,Hyderabad,Sales,Bachelor's,25,6,156544.44
E0019,,Female,Mumbai,HR,Bachelor's,12,5,108493.25
E0020,40.0,Male,Bangalore,IT,Bachelor's,25,4,160285.57
E0021,59.0,Male,Chennai,Sales,Bachelor's,16,8,142087.02
E0022,30.0,Female,Chennai,HR,Master's,9,5,98476.79
E0023,54.0,Male,Chennai,IT,Master's,18,5,143247.93
E0024,31.0,Female,Hyderabad,Operations,PhD,24,4,160536.93
E0025,26.0,Female,Hyderabad,Sales,Master's,0,1,40685.77
E0026,28.0,Male,Chennai,Sales,Bachelor's,19,8,141214.58
E0027,36.0,Male,Mumbai,Finance,Bachelor's,2,7,76275.02
E0028,28.0,Female,Mumbai,Operations,Master's,5,10,93570.79
E0029,56.0,Male,Delhi,Operations,Bachelor's,4,9,88143.81
E0030,53.0,Male,Delhi,Sales,Bachelor's,24,5,158057.68
E0031,53.0,Male, hyderabad ,Sales,Bachelor's,21,5,152408.51
E0032,37.0,Male,Hyderabad,Sales,Bachelor's,20,6,149687.37
E0033,22.0,Male,Hyderabad,Finance,PhD,8,3,74459.95
E0034,31.0,Male,Hyderabad,Finance,Bachelor's,25,4,166211.76
E0035,38.0,Male,Hyderabad,Sales,Bachelor's,20,4,141646.97
E0036,44.0,Male,Hyderabad,Operations,Bachelor's,7,6,92677.53
E0037,38.0,Male,Hyderabad,Sales,Bachelor's,10,5,105877.82
E0038,45.0,Female,Chennai,HR,Master's,7,8,99692.66
E0039,36.0,Female,Delhi,Operations,Bachelor's,1,7,60442.79
E0040,46.0,Female,Chennai,Operations,Master's,18,4,130600.19
E0041,22.0,Male,Bangalore,Finance,Bachelor's,11,7,109100.19
E0042,57.0,Female,Chennai,Sales,Bachelor's,9,4,103477.7
E0043,42.0,Female,Bangalore,IT,Master's,10,4,95618.92
E0044,27.0,Male,Mumbai,Finance,Bachelor's,15,9,128874.18
E0045,53.0,Male,Delhi,HR,Master's,7,8,
E0046,35.0,Female,Chennai,IT,Bachelor's,20,2,121243.96
E0047,56.0,Female,Hyderabad,IT,Bachelor's,16,8,136888.39
E0048,32.0,Female,Chennai,IT,Bachelor's,6,9,90141.7
E0049,56.0,Male,Hyderabad,HR,Bachelor's,5,4,85625.03
E0050,21.0,Male,Chennai,HR,Bachelor's,10,3,80466.43
E0051,38.0,Male,Delhi,IT,Bachelor's,11,10,123535.05
E0052,28.0,Female,Bangalore,Sales,Bachelor's,3,1,52671.59
E0053,38.0,Male,Hyderabad,Sales,Bachelor's,16,1,110778.45
E0054,36.0,Male,Chennai,Sales,Bachelor's,11,6,96555.94
E0055,60.0,Male,Hyderabad,Operations,Bachelor's,9,4,107504.9
E0056,36.0,Male,Mumbai,IT,Bachelor's,13,4,119591.21
E0057,51.0,Male,Bangalore,HR,Bachelor's,8,1,74744.78
E0058,45.0,Male,Bangalore,Finance,Bachelor's,9,8,104828.93
E0059,36.0,Male,Mumbai,Finance,Master's,4,8,71431.84
E0060,39.0,Male,Mumbai,HR,PhD,5,6,81843.71
E0061,24.0,Male,Chennai,Operations,Master's,0,7,59351.6
E0062,45.0,Female,Bangalore,IT,Bachelor's,25,7,172062.82
E0063,36.0,Male,Chennai,Finance,Master's,18,2,115215.56
E0064,29.0,Male,Chennai,Sales,Bachelor's,11,6,114046.05
E0065,27.0,Female,Bangalore,Sales,Master's,0,8,67753.73
E0066,26.0,Female,Bangalore,Finance,Bachelor's,11,4,87566.92
E0067,56.0,Female,Delhi,Sales,Bachelor's,25,1,151703.44
E0068,34.0,Female,Mumbai,Sales,Bachelor's,4,7,77513.76
E0069,55.0,Male,Bangalore,Finance,Bachelor's,5,8,93388.23
E0070,24.0,Female,Delhi,Finance,Master's,15,7,130456.05
E0071,23.0,Male,Delhi,HR,PhD,16,6,116804.23
E0072,35.0,Female,Mumbai,Operations,Master's,16,8,130134.76
E0073,59.0,Female,Bangalore,IT,Master's,17,4,131278.75
E0074,39.0,Male,Chennai,IT,Bachelor's,24,8,166555.9
E0075,49.0,Male,Mumbai,HR,Master's,2,8,78674.63
E0076,49.0,Male,Chennai,Finance,Master's,7,9,105041.13
E0077,45.0,Female,Bangalore,HR,Bachelor's,20,1,140278.22
E0078,55.0,Female,Mumbai,IT,Bachelor's,2,4,75614.41
E0079,34.0,Female,Mumbai,Operations,Master's,9,7,102339.81
E0080,23.0,Female,Delhi,IT,Bachelor's,11,8,100453.5
E0081,26.0,Male,Bangalore,Sales,Bachelor's,19,5,128018.16
E0082,59.0,Female,Chennai,Sales,Bachelor's,5,10,96794.57
E0083,25.0,Female,Delhi,Operations,Bachelor's,11,2,88551.44
E0084,49.0,Male,Chennai,IT,Bachelor's,24,4,152819.94
E0085,38.0,Female,Mumbai,Operations,Bachelor's,9,10,107814.44
E0086,60.0,Male,Hyderabad,Operations,PhD,7,6,101811.96
E0087,58.0,Female,Chennai,Finance,Bachelor's,12,3,114864.84
E0088,25.0,Female,Mumbai,IT,Bachelor's,18,1,114626.94
E0089,21.0,Male,Mumbai,IT,Bachelor's,13,7,120001.52
E0090,36.0,Female,Hyderabad,IT,Bachelor's,9,9,92694.74
E0091,,Male,Bangalore,IT,Bachelor's,22,5,149241.23
E0092,41.0,Male,Mumbai,Finance,Master's,5,8,85914.63
E0093,27.0,Male,Bangalore,Operations,Bachelor's,16,9,137335.24
E0094,50.0,Male,Bangalore,HR,Bachelor's,14,1,106788.73
E0095,42.0,Male,Delhi,IT,Master's,5,6,84104.7
E0096,33.0,Male,Mumbai,Sales,Master's,8,5,91761.65
E0097,25.0,Female,Delhi,Operations,Bachelor's,10,3,87424.19
E0098,38.0,Female,Bangalore,Finance,Bachelor's,13,6,118193.8
E0099,57.0,Male,Mumbai,Operations,Master's,18,5,137228.2
E0100,32.0,Male,Bangalore,Operations,Master's,4,9,78482.7
E0101,33.0,Male,Chennai,Operations,Bachelor's,13,5,106766.61
E0102,38.0,Male,Delhi,Sales,Bachelor's,7,8,97194.15
E0103,50.0,Male,Hyderabad,Finance,Master's,10,1,88157.76
E0104,41.0,Female,Hyderabad,Finance,Bachelor's,20,10,154564.39
E0105,45.0,Male,Mumbai,HR,Bachelor's,24,7,158108.21
E0106,43.0,Male,Chennai,Finance,Bachelor's,20,10,154322.76
E0107,39.0,Female,Bangalore,Operations,PhD,7,8,99804.06
E0108,49.0,Female,Bangalore,Operations,Bachelor's,8,10,112730.52
E0109,56.0,Male,Chennai,Sales,Master's,14,1,113508.16
E0110,30.0,Male,Delhi,Finance,Bachelor's,12,6,105939.22
E0111,49.0,Male,Delhi,Sales,Bachelor's,6,8,94815.29
E0112,46.0,Female,Bangalore,Sales,Master's,8,4,94126.27
E0113,29.0,Female,Hyderabad,HR,Bachelor's,10,6,93654.24
E0114,24.0,Female,Chennai,Sales,Master's,14,2,117035.37
E0115,49.0,Male,Hyderabad,Operations,Bachelor's,8,3,82935.32
E0116,45.0,Male,Mumbai,Sales,PhD,3,9,88036.41
E0117,41.0,Male,Hyderabad,IT,Bachelor's,0,5,66587.12
E0118,39.0,Male,Bangalore,Finance,Master's,11,4,97031.56
E0119,36.0,Female,Chennai,Operations,Bachelor's,3,10,72084.41
E0120,26.0,Male,Chennai,Sales,Bachelor's,15,9,120993.54
E0121,36.0,Male,Hyderabad,HR,Bachelor's,1,4,46101.94
E0122,31.0,Male,Bangalore,HR,Master's,0,4,
E0123,57.0,Male,Chennai,Sales,Master's,15,7,142781.22
E0124,23.0,Male,Hyderabad,IT,Bachelor's,20,3,134368.47
E0125,60.0,Male,Delhi,Sales,Bachelor's,14,1,115220.5
E0126,35.0,Female,Hyderabad,Finance,Bachelor's,6,7,82927.09
E0127,33.0,Female,Mumbai,Operations,Bachelor's,0,10,71727.52
E0128,37.0,Female,Bangalore,Finance,Master's,13,5,109028.08
E0129,39.0,Female,Delhi,Sales,Bachelor's,11,9,115123.59
E0130,40.0,Female,Bangalore,HR,Bachelor's,14,2,105774.64
E0131,48.0,Male,Delhi,Sales,Bachelor's,5,8,96860.41
E0132,23.0,Female,Chennai,Finance,Master's,2,3,55697.3
E0133,55.0,Male,Chennai,Sales,Master's,2,3,66108.22
E0134,49.0,Female,Chennai,Sales,Bachelor's,3,6,75858.83
E0135,29.0,Male,Chennai,HR,Bachelor's,15,4,105522.06
E0136,33.0,Male,Bangalore,Sales,Bachelor's,17,4,126019.22
E0137,54.0,Female,Delhi,HR,Bachelor's,1,2,57903.49
E0138,32.0,Male,Hyderabad,Sales,Bachelor's,8,9,110996.93
E0139,34.0,Female,Delhi,HR,Master's,13,1,88136.47
E0140,56.0,Female,Hyderabad,Operations,Bachelor's,11,9,117411.04
E0141,36.0,Male,Mumbai,Sales,Bachelor's,14,10,131607.44
E0142,45.0,Female,Bangalore,Sales,Bachelor's,9,9,112571.73
E0143,48.0,Female,Bangalore,HR,Master's,16,8,140204.22
E0144,47.0,Male,Hyderabad,HR,Master's,22,5,152406.58
E0145,43.0,Female,Bangalore,Sales,Master's,20,1,127183.35
E0146,42.0,Male,Chennai,Finance,Bachelor's,14,6,121183.77
E0147,46.0,Female,Bangalore,Operations,PhD,15,8,142061.86
E0148,29.0,Female,Chennai,IT,Master's,15,2,112484.89
E0149,55.0,Male,Chennai,Operations,Bachelor's,1,7,67407.37
E0150,27.0,Male,Chennai,Sales,Bachelor's,3,8,72968.56
E0151,55.0,Female,Bangalore,IT,Bachelor's,20,4,135153.4
E0152,28.0,Male,Bangalore,Operations,PhD,20,9,144615.25
E0153,42.0,Female,Delhi,Sales,PhD,14,5,122168.44
E0154,34.0,Female,Mumbai,Sales,Master's,5,6,86885.72
E0155,40.0,Male,Mumbai,IT,PhD,2,6,66157.37
E0156,27.0,Male,Hyderabad,IT,Master's,12,6,110741.25
E0157,35.0,Female,Chennai,Finance,Master's,1,1,41471.18
E0158,40.0,Female,Delhi,Finance,Bachelor's,12,10,129669.8
E0159,52.0,Male,Chennai,Operations,Bachelor's,1,5,64417.26
E0160,59.0,Female,Mumbai,IT,Bachelor's,25,1,155980.05
E0161,53.0,Female,Mumbai,IT,Bachelor's,19,4,135026.18
E0162,50.0,Male,Delhi,Sales,Bachelor's,25,10,179567.06
E0163,57.0,Female,Hyderabad,Operations,Master's,3,4,83103.41
E0164,33.0,Male,Delhi,IT,Master's,11,10,119959.3
E0165,59.0,Female,Mumbai,Operations,PhD,24,1,156011.4
E0166,33.0,Male,Bangalore,Sales,Bachelor's,15,9,129662.13
E0167,23.0,Male,Bangalore,Finance,Bachelor's,5,7,77945.6
E0168,52.0,Male,Mumbai,IT,Bachelor's,3,2,63457.25
E0169,30.0,Male,Bangalore,Finance,Master's,19,6,132850.9
E0170,59.0,Male,Bangalore,Sales,PhD,8,8,111530.3
E0171,52.0,Female,Mumbai,Operations,PhD,18,10,148561.92
E0172,45.0,Female,Hyderabad,Sales,Master's,11,7,115876.82
E0173,43.0,Male,Chennai,Sales,Master's,21,8,164429.83
E0174,31.0,Male,Delhi,Sales,Bachelor's,12,9,122348.66
E0175,53.0,Female,Mumbai,Finance,Master's,23,4,150580.39
E0176,38.0,Male,Chennai,Sales,Bachelor's,7,6,98372.07
E0177,57.0,Female,Bangalore,Finance,Bachelor's,18,9,147973.28
E0178,27.0,Male,Chennai,Finance,PhD,14,1,98253.68
E0179,43.0,Female,Hyderabad,Finance,Master's,6,4,78440.01
E0180,38.0,Female,Hyderabad,Operations,Master's,23,8,158846.05
E0181,24.0,Female,Mumbai,IT,Master's,14,2,96272.21
E0182,56.0,Female,Bangalore,Sales,Master's,8,3,88443.68
E0183,22.0,Male,Bangalore,Operations,Master's,8,7,91552.34
E0184,29.0,Male,Chennai,Finance,Bachelor's,8,7,94981.6
E0185,28.0,Male,Hyderabad,IT,Bachelor's,6,3,65184.53
E0186,38.0,Female,Delhi,Finance,Bachelor's,17,2,127044.39
E0187,26.0,Female,Delhi,IT,Bachelor's,19,7,140638.08
E0188,46.0,Male,Bangalore,HR,Master's,13,1,102646.43
E0189,24.0,Male,Bangalore,IT,Bachelor's,20,3,130745.44
E0190,58.0,Female,Mumbai,HR,Master's,4,6,88481.75
E0191,48.0,Male,Chennai,Finance,Bachelor's,20,2,137870.3
E0192,46.0,Male,Chennai,Sales,Bachelor's,2,8,79605.64
E0193,57.0,Female,Chennai,Sales,PhD,20,3,137469.23
E0194,38.0,Male,Bangalore,IT,PhD,16,1,115357.19
E0195,53.0,Male,Hyderabad,Finance,Bachelor's,19,9,155228.35
E0196,47.0,Male,Bangalore,HR,PhD,21,2,139130.22
E0197,40.0,Male,Delhi,IT,Bachelor's,2,3,58449.25
E0198,32.0,Male,Chennai,Operations,Master's,2,5,65712.88
E0199,34.0,Female,Hyderabad,Operations,Master's,0,3,51943.67
E0200,24.0,Male,Bangalore,HR,Bachelor's,20,6,141455.85
E0201,27.0,Female,Bangalore,Finance,Bachelor's,25,3,160770.91
E0202,54.0,Female,Bangalore,Sales,Bachelor's,1,3,65298.77
E0203,49.0,Male,Delhi,IT,Bachelor's,6,8,96637.3
E0204,39.0,Male,Mumbai,HR,Bachelor's,9,8,107696.72
E0205,38.0,Female,Chennai,Finance,Bachelor's,20,7,139446.04
E0206,58.0,Female,Chennai,Operations,Bachelor's,18,6,147726.0
E0207,49.0,Female,Bangalore,Sales,Master's,8,6,95782.28
E0208,28.0,Male,Chennai,IT,Bachelor's,10,8,101639.45
E0209,51.0,Female,Delhi,Sales,Master's,8,6,101924.68
E0210,21.0,Male,Bangalore,Sales,Bachelor's,20,7,136579.01
E0211,54.0,Male,Hyderabad,Operations,PhD,1,3,64344.53
E0212,41.0,Male,Delhi,IT,Master's,22,1,134696.47
E0213,50.0,Male,Delhi,Finance,Master's,16,4,118426.18
E0214,49.0,Male,Chennai,Finance,Bachelor's,19,4,136858.55
E0215,31.0,Male,Hyderabad,HR,PhD,24,6,163197.61
E0216,60.0,Female,Mumbai,Finance,Bachelor's,6,6,90578.76
E0217,28.0,Female,Mumbai,IT,Master's,16,7,130746.59
E0218,46.0,Female,Delhi,IT,Bachelor's,20,3,137371.17
E0219,29.0,Female,Chennai,Finance,PhD,10,9,109183.86
E0220,24.0,Female,Hyderabad,HR,PhD,21,10,161738.51
E0221,21.0,Female,Delhi,HR,Master's,23,1,135505.47
E0222,43.0,Female,Bangalore,IT,Master's,17,3,138494.25
E0223,47.0,Female,Bangalore,HR,Master's,1,10,79169.77
E0224,36.0,Female,Hyderabad,HR,Bachelor's,7,4,78371.45
E0225,47.0,Female,Hyderabad,HR,Master's,15,6,116647.73
E0226,28.0,Female,Bangalore,IT,Master's,16,5,114753.34
E0227,40.0,Female,Delhi,Finance,Master's,22,2,140502.61
E0228,53.0,Female,Delhi,IT,Bachelor's,8,8,96555.74
E0229,21.0,Male,Delhi,IT,Bachelor's,10,3,79451.1
E0230,49.0,Male,Delhi,HR,Bachelor's,1,1,54706.25
E0231,48.0,Female,Bangalore,IT,Bachelor's,25,6,167456.74
E0232,53.0,Male,Hyderabad,IT,Master's,0,10,73575.05
E0233,32.0,Male,Chennai,HR,Master's,3,4,55644.4
E0234,45.0,Male,Hyderabad,Operations,Bachelor's,21,5,143622.28
E0235,32.0,Male,Delhi,Sales,Master's,3,5,66544.84
E0236,48.0,Female,Delhi,Sales,Master's,7,8,98117.2
E0237,44.0,Male,Hyderabad,HR,Master's,7,1,74638.29
E0238,48.0,Male,Hyderabad,IT,Master's,22,10,167367.19
E0239,52.0,Male,Chennai,Finance,PhD,19,6,142808.51
E0240,31.0,Female,Delhi,IT,PhD,1,4,57374.25
E0241,53.0,Female,Delhi,HR,Bachelor's,8,3,94399.73
E0242,43.0,Female,Chennai,Operations,Bachelor's,18,9,150599.03
E0243,49.0,Male,Mumbai,Sales,Bachelor's,0,3,51804.79
E0244,55.0,Female,Mumbai,Finance,Master's,18,1,130252.46
E0245,28.0,Male,Bangalore,Sales,Master's,1,3,54039.6
E0246,35.0,Female,Delhi,Finance,Master's,17,8,139670.35
E0247,40.0,Male,Delhi,Sales,Master's,24,2,152481.06
E0248,27.0,Male,Chennai,IT,Bachelor's,10,9,111450.3
E0249,43.0,Male,Hyderabad,Operations,Master's,9,2,81600.77
E0250,21.0,Female,Mumbai,IT,PhD,23,4,144673.97
E0251,38.0,Female,Delhi,Operations,Master's,11,3,95111.54
E0252,24.0,Female,Bangalore,Finance,Master's,11,5,93216.08
E0253,37.0,Male,Mumbai,Sales,Bachelor's,14,5,130707.89
E0254,38.0,Female,Delhi,HR,Master's,3,5,68357.52
E0255,46.0,Male,Hyderabad,Operations,Master's,1,10,76256.89
E0256,21.0,Male,Mumbai,HR,Bachelor's,18,9,142388.52
E0257,31.0,Male,Chennai,IT,Bachelor's,12,7,110337.99
E0258,48.0,Male,Mumbai,IT,Bachelor's,19,7,144344.17
E0259,59.0,Male,Chennai,Operations,Bachelor's,7,5,95323.29
E0260,49.0,Female,Delhi,HR,Bachelor's,14,3,116974.38
E0261,41.0,Male,Bangalore,IT,Master's,8,6,97242.15
E0262,58.0,Female,Bangalore,Sales,Bachelor's,22,9,173489.06
E0263,57.0,Female,Delhi,Finance,Master's,16,4,123731.84
E0264,50.0,Female,Bangalore,Finance,Bachelor's,25,4,158602.5
E0265,45.0,Male,Chennai,Sales,Bachelor's,0,1,54084.25
E0266,38.0,Male,Hyderabad,HR,Bachelor's,13,5,106523.78
E0267,55.0,Female,Hyderabad,Sales,Bachelor's,1,5,70279.45
E0268,52.0,Female,Delhi,Operations,Bachelor's,17,9,144310.55
E0269,43.0,Female,Delhi,Sales,Master's,25,8,166630.99
E0270,51.0,Male,Bangalore,IT,Bachelor's,20,5,148855.95
E0271,57.0,Male,Bangalore,Finance,Bachelor's,21,6,159445.39
E0272,23.0,Male,Delhi,Sales,PhD,10,9,95052.04
E0273,35.0,Male,Hyderabad,Operations,Bachelor's,23,4,145309.18
E0274,22.0,Female,Chennai,HR,PhD,23,1,135916.52
E0275,51.0,Male,Hyderabad,Finance,Bachelor's,13,2,96450.7
E0276,28.0,Female,Delhi,Sales,Bachelor's,5,2,67546.58
E0277,46.0,Male,Delhi,Sales,Bachelor's,24,2,140117.48
E0278,58.0,Female,Bangalore,HR,Master's,7,2,91201.02
E0279,37.0,Male,Hyderabad,Finance,PhD,18,2,117293.87
E0280,36.0,Male,Delhi,IT,Master's,12,4,104190.96
E0281,38.0,Male,Hyderabad,Finance,Bachelor's,24,1,137894.45
E0282,53.0,Male,Hyderabad,Finance,Bachelor's,2,6,80570.08
E0283,28.0,Female,Mumbai,Operations,Master's,17,3,116154.73
E0284,35.0,Male,Hyderabad,IT,Bachelor's,13,3,99532.65
E0285,40.0,Female,Hyderabad,Sales,Bachelor's,13,8,122588.21
E0286,46.0,Female,Chennai,Sales,PhD,12,4,105626.14
E0287,49.0,Female,Chennai,IT,Master's,4,10,79055.4
E0288,35.0,Female,Delhi,Operations,Bachelor's,23,9,162318.42
E0289,41.0,Female,Mumbai,Sales,PhD,7,6,91803.46
E0290,53.0,Female,Delhi,Finance,Bachelor's,5,5,78586.62
E0291,47.0,Male,Mumbai,HR,Master's,6,2,76799.41
E0292,41.0,Male,Hyderabad,Sales,Bachelor's,24,9,170376.97
E0293,29.0,Female,Mumbai,Operations,Bachelor's,18,10,149560.1
E0294,58.0,Female,Chennai,Finance,Bachelor's,1,6,68844.26
E0295,35.0,Female,Delhi,IT,Bachelor's,16,4,127764.3
E0296,53.0,Female,Mumbai,Operations,Bachelor's,21,5,147566.25
E0297,31.0,Male,Chennai,Sales,Bachelor's,22,9,159560.28
E0298,60.0,Male,Chennai,HR,Bachelor's,8,4,92923.95
E0299,44.0,Male,Mumbai,Sales,Master's,13,9,120800.97
E0300,34.0,Female,Delhi,IT,Bachelor's,3,7,74103.52
E0301,41.0,Female,Hyderabad,HR,Master's,18,7,136908.98
E0302,32.0,Female,Delhi,IT,Bachelor's,20,10,159296.8
E0303,58.0,Male,Chennai,IT,Bachelor's,17,8,144780.34
E0304,46.0,Male,Chennai,HR,Master's,21,5,152901.93
E0305,42.0,Male,Hyderabad,HR,Bachelor's,9,8,110602.43
E0306,49.0,Male,Hyderabad,Finance,Master's,25,7,170375.47
E0307,54.0,Female,Delhi,Operations,Bachelor's,17,9,146270.82
E0308,38.0,Male,Bangalore,HR,Master's,15,1,121157.6
E0309,49.0,Male,Bangalore,HR,Master's,5,10,103223.17
E0310,27.0,Male,Bangalore,IT,Bachelor's,19,9,147563.01
E0311,46.0,Female,Chennai,Operations,Master's,23,7,172051.06
E0312,30.0,Male,Chennai,Finance,Bachelor's,12,8,111113.31
E0313,47.0,Female,Chennai,HR,Bachelor's,22,4,141849.81
E0314,60.0,Male,Bangalore,IT,Master's,8,2,94218.98
E0315,27.0,Male,Chennai,HR,Master's,11,9,110671.73
E0316,33.0,Female,Delhi,Finance,Bachelor's,14,3,99833.9
E0317,22.0,Male,Bangalore,IT,Master's,24,10,164795.25
E0318,34.0,Female,Chennai,Sales,Bachelor's,17,2,118241.16
E0319,42.0,Female,Mumbai,Sales,Master's,14,10,128313.6
E0320,41.0,Female,Delhi,Finance,Bachelor's,6,5,84076.73
E0321,53.0,Female,Hyderabad,Sales,Bachelor's,2,10,90534.01
E0322,25.0,Male,Mumbai,Finance,Master's,18,6,134240.75
E0323,48.0,Male,Mumbai,Finance,Master's,13,9,134000.22
E0324,27.0,Male,Bangalore,Finance,Master's,17,2,107908.95
E0325,56.0,Male,Bangalore,Operations,Bachelor's,18,7,157267.36
E0326,52.0,Male,Chennai,Finance,Master's,17,5,122804.37
E0327,36.0,Male,Bangalore,HR,Bachelor's,11,10,114995.06
E0328,40.0,Male,Hyderabad,IT,Bachelor's,10,4,90674.46
E0329,32.0,Male,Hyderabad,Sales,Bachelor's,12,8,118316.6
E0330,29.0,Male,Hyderabad,IT,Bachelor's,23,3,145677.14
E0331,54.0,Female,Bangalore,Finance,Bachelor's,1,4,70929.58
E0332,57.0,Male,Hyderabad,HR,Bachelor's,17,4,137382.82
E0333,28.0,Male,Hyderabad,HR,Bachelor's,18,1,120824.94
E0334,31.0,Female,Chennai,Operations,Bachelor's,21,8,152591.11
E0335,32.0,Male,Bangalore,HR,Master's,11,8,113227.83
E0336,48.0,Female,Bangalore,Finance,PhD,22,3,145503.72
E0337,22.0,Female,Bangalore,Operations,Bachelor's,25,7,168893.55
E0338,48.0,Female,Chennai,Sales,Master's,22,4,153778.67
E0339,27.0,Male,Mumbai,Finance,PhD,15,4,120140.08
E0340,24.0,Female,Delhi,Operations,Bachelor's,9,3,84975.75
E0341,27.0,Female,Mumbai,Finance,Bachelor's,4,9,82609.61
E0342,24.0,Female,Delhi,Operations,Bachelor's,10,8,107382.12
E0343,23.0,Female,Delhi,IT,Bachelor's,20,7,140439.87
E0344,51.0,Female,Hyderabad,Sales,Bachelor's,13,2,105979.86
E0345,57.0,Male,Bangalore,HR,Bachelor's,19,10,155498.69
E0346,26.0,Female,Bangalore,Finance,PhD,15,1,106331.15
E0347,53.0,Male,Chennai,IT,PhD,12,10,130447.33
E0348,28.0,Male,Hyderabad,IT,Bachelor's,25,3,149316.34
E0349,53.0,Male,Hyderabad,IT,PhD,10,4,111859.83
E0350,55.0,Male,Hyderabad,HR,Bachelor's,16,1,120777.73
E0351,49.0,Female,Mumbai,HR,Bachelor's,5,10,97225.07
E0352,43.0,Female,Delhi,HR,Bachelor's,20,5,138664.79
E0353,56.0,Female,Delhi,Sales,Master's,2,3,61521.82
E0354,56.0,Female,Chennai,Finance,Master's,14,8,131457.8
E0355,27.0,Female,Mumbai,Operations,Bachelor's,6,7,76811.51
E0356,56.0,Male,Chennai,Sales,Bachelor's,20,10,159136.63
E0357,27.0,Male,Bangalore,Finance,Master's,11,7,107211.42
E0358,50.0,Female,Chennai,Operations,Master's,19,6,148916.94
E0359,55.0,Male,Delhi,Sales,Master's,3,10,85942.81
E0360,24.0,Male,Delhi,Sales,Bachelor's,18,9,146743.65
E0361,41.0,Female,Bangalore,Operations,Bachelor's,2,3,64457.09
E0362,41.0,Female,Hyderabad,Sales,Bachelor's,3,1,52844.76
E0363,57.0,Male,Mumbai,IT,Master's,3,8,78848.97
E0364,31.0,Male,Bangalore,Finance,Bachelor's,17,2,119617.44
E0365,40.0,Female,Delhi,IT,Bachelor's,25,3,159845.87
E0366,27.0,Female,Delhi,Finance,Master's,14,1,98212.86
E0367,52.0,Male,Mumbai,IT,Bachelor's,14,1,111985.37
E0368,38.0,Male,Mumbai,IT,Bachelor's,23,8,179477.41
E0369,56.0,Male,Bangalore,Finance,PhD,23,8,169703.73
E0370,53.0,Male,Bangalore,HR,Bachelor's,13,4,121159.49
E0371,54.0,Female,Delhi,HR,Master's,15,6,126621.89
E0372,58.0,Female,Mumbai,Finance,Master's,11,5,103490.99
E0373,21.0,Male,Hyderabad,Finance,Master's,5,8,76784.56
E0374,41.0,Male,Hyderabad,HR,Master's,1,6,57763.07
E0375,31.0,Male,Hyderabad,HR,PhD,11,7,112771.11
E0376,41.0,Male,Delhi,Operations,Master's,4,8,86033.4
E0377,21.0,Female,Bangalore,HR,Bachelor's,0,3,47261.54
E0378,56.0,Female,Hyderabad,Sales,Master's,18,1,129425.57
E0379,49.0,Female,Chennai,IT,Bachelor's,18,4,130090.99
E0380,44.0,Female,Bangalore,Operations,Bachelor's,15,2,113431.61
E0381,59.0,Female,Hyderabad,IT,Bachelor's,6,7,93916.73
E0382,54.0,Female,Bangalore,Sales,Master's,8,2,85068.35
E0383,40.0,Male,Mumbai,HR,Bachelor's,17,3,117498.69
E0384,40.0,Female,Hyderabad,Finance,Bachelor's,21,10,154238.6
E0385,22.0,Female,Hyderabad,Finance,Bachelor's,4,2,58883.08
E0386,59.0,Male,Hyderabad,Finance,Master's,1,4,61558.08
E0387,27.0,Female,Hyderabad,IT,Master's,16,1,104209.13
E0388,49.0,Female,Chennai,Finance,Master's,12,4,113229.11
E0389,40.0,Female,Mumbai,Finance,Bachelor's,3,9,84187.56
E0390,39.0,Male,Bangalore,Finance,Master's,4,7,80741.52
E0391,28.0,Female,Delhi,IT,Bachelor's,13,6,110511.45
E0392,27.0,Male,Mumbai,IT,Master's,13,3,101161.3
E0393,60.0,Male,Chennai,IT,PhD,0,10,86189.82
E0394,57.0,Male,Bangalore,IT,Master's,21,8,160001.75
E0395,37.0,Female,Chennai,Sales,Master's,22,8,167546.22
E0396,23.0,Male,Delhi,IT,PhD,20,4,140031.98
E0397,47.0,Male,Delhi,Sales,Bachelor's,2,8,72031.49
E0398,23.0,Female,Mumbai,HR,Master's,22,9,155513.64
E0399,52.0,Female,Bangalore,Operations,PhD,21,10,171105.76
E0400,21.0,Female,Mumbai,Operations,Bachelor's,2,4,52673.99
E0401,49.0,Female,Delhi,Operations,Master's,16,2,110591.04
E0402,54.0,Female,Chennai,HR,Master's,12,9,127520.71
E0403,59.0,Female,Hyderabad,IT,Master's,2,3,73687.06
E0404,49.0,Female,Mumbai,HR,Bachelor's,6,6,81239.81
E0405,42.0,Male,Bangalore,IT,Master's,4,5,80780.05
E0406,23.0,Male,Mumbai,HR,PhD,17,5,116627.44
E0407,36.0,Male,Chennai,Finance,Bachelor's,24,7,159292.09
E0408,23.0,Male,Mumbai,Sales,Bachelor's,2,4,59248.0
E0409,45.0,Female,Hyderabad,Finance,Bachelor's,11,1,91184.08
E0410,27.0,Male,Mumbai,Finance,Bachelor's,11,8,106311.41
E0411,41.0,Male,Hyderabad,Finance,Master's,12,10,122561.53
E0412,48.0,Male,Bangalore,HR,PhD,19,9,143813.95
E0413,23.0,Male,Bangalore,HR,Master's,9,3,90480.97
E0414,35.0,Male,Chennai,Finance,Bachelor's,23,7,156723.67
E0415,52.0,Female,Chennai,HR,Bachelor's,13,6,114356.52
E0416,53.0,Female,Chennai,HR,Bachelor's,11,8,112218.25
E0417,30.0,Male,Delhi,Operations,Bachelor's,20,2,131282.12
E0418,59.0,Male,Bangalore,Finance,Master's,14,8,134165.8
E0419,59.0,Female,Bangalore,Finance,Bachelor's,9,6,96399.82
E0420,47.0,Female,Hyderabad,Operations,Bachelor's,17,4,125768.54
E0421,39.0,Male,Bangalore,Operations,Bachelor's,1,10,70138.2
E0422,39.0,Male,Bangalore,HR,Master's,13,7,120223.57
E0423,42.0,Female,Chennai,IT,Master's,9,10,108816.72
E0424,55.0,Female,Hyderabad,Operations,Bachelor's,7,9,108087.23
E0425,36.0,Male,Chennai,IT,Master's,3,5,72099.07
E0426,31.0,Female,Hyderabad,Finance,Bachelor's,21,8,157821.35
E0427,45.0,Male,Mumbai,HR,Master's,24,6,161491.06
E0428,49.0,Male,Delhi,IT,Bachelor's,16,6,128851.23
E0429,50.0,Female,Hyderabad,Finance,Bachelor's,7,1,78616.03
E0430,22.0,Female,Chennai,IT,Master's,14,5,114979.78
E0431,29.0,Female,Delhi,Operations,PhD,5,3,66572.29
E0432,31.0,Female,Delhi,HR,PhD,8,10,101897.06
E0433,21.0,Female,Hyderabad,Finance,Master's,20,8,149661.57
E0434,46.0,Male,Delhi,HR,PhD,22,2,133562.94
E0435,52.0,Female,Bangalore,IT,Master's,18,8,154645.07
E0436,50.0,Male,Bangalore,Operations,Bachelor's,4,5,77527.21
E0437,37.0,Female,Mumbai,IT,Master's,18,7,140515.54
E0438,38.0,Male,Delhi,HR,Bachelor's,12,1,100320.06
E0439,57.0,Female,Bangalore,HR,Bachelor's,0,2,50016.14
E0440,39.0,Male,Mumbai,Sales,Bachelor's,2,6,70430.84
E0441,49.0,Male,Delhi,Operations,Master's,10,6,112292.42
E0442,50.0,Female,Hyderabad,Finance,Bachelor's,24,7,170213.0
E0443,45.0,Male,Mumbai,HR,Bachelor's,4,3,73972.85
E0444,50.0,Male,Chennai,Finance,PhD,15,3,114681.89
E0445,57.0,Male,Mumbai,IT,Master's,18,1,130488.06
E0446,50.0,Female,Mumbai,IT,Bachelor's,8,1,83343.03
E0447,45.0,Male,Delhi,IT,Bachelor's,7,6,90328.24
E0448,57.0,Male,Chennai,Finance,Bachelor's,22,7,156189.03
E0449,30.0,Male,Delhi,Sales,Bachelor's,20,8,150303.79
E0450,24.0,Male,Chennai,Sales,Bachelor's,24,8,157505.13
E0451,54.0,Male,Hyderabad,Finance,Master's,15,6,130776.44
E0452,32.0,Male,Bangalore,Sales,Bachelor's,1,9,79576.91
E0453,53.0,Male,Bangalore,IT,Master's,25,10,181780.4
E0454,50.0,Male,Chennai,Sales,Bachelor's,15,9,139173.53
E0455,44.0,Male,Chennai,IT,Bachelor's,4,8,80272.39
E0456,56.0,Female,Mumbai,Sales,Bachelor's,14,4,123108.43
E0457,32.0,Female,Chennai,Finance,Bachelor's,4,8,71148.01
E0458,54.0,Female,Delhi,IT,Bachelor's,24,9,176524.96
E0459,31.0,Female,Mumbai,HR,Master's,6,4,70935.0
E0460,38.0,Male,Mumbai,Finance,Master's,11,4,95282.23
E0461,55.0,Male,Delhi,IT,Bachelor's,21,2,136889.56
E0462,52.0,Female,Mumbai,Finance,Master's,9,6,111229.69
E0463,49.0,Male,Chennai,IT,Bachelor's,4,3,66913.5
E0464,44.0,Female,Mumbai,Finance,Bachelor's,9,2,94682.2
E0465,43.0,Female,Mumbai,Sales,Bachelor's,22,6,154116.11
E0466,25.0,Female,Chennai,IT,Bachelor's,15,1,99423.39
E0467,29.0,Female,Bangalore,IT,Master's,15,5,116790.87
E0468,54.0,Male,Delhi,HR,Bachelor's,19,8,151354.71
E0469,32.0,Male,Chennai,HR,Bachelor's,19,8,143893.63
E0470,37.0,Female,Chennai,Finance,Master's,19,3,135377.99
E0471,60.0,Female,Hyderabad,Finance,Bachelor's,10,1,85591.16
E0472,21.0,Male,Delhi,Finance,Bachelor's,20,7,143147.84
E0473,29.0,Female,Delhi,Sales,Bachelor's,12,4,101088.64
E0474,29.0,Male,Mumbai,HR,PhD,23,4,149457.84
E0475,43.0,Male,Bangalore,IT,Bachelor's,7,5,84591.27
E0476,29.0,Female,Bangalore,HR,Bachelor's,3,9,88489.37
E0477,22.0,Female,Chennai,Sales,Bachelor's,10,9,108306.87
E0478,23.0,Female,Hyderabad,IT,Bachelor's,12,9,110510.25
E0479,56.0,Male,Mumbai,Finance,Master's,2,1,56907.48
E0480,59.0,Male,Mumbai,IT,PhD,15,9,139106.44
E0481,31.0,Female,Chennai,IT,Bachelor's,16,4,116332.24
E0482,38.0,Female,Hyderabad,Operations,Bachelor's,4,3,72354.18
E0483,25.0,Male,Delhi,HR,Bachelor's,13,7,108163.72
E0484,43.0,Female,Chennai,Sales,Bachelor's,23,1,155515.29
E0485,32.0,Female,Delhi,IT,Bachelor's,5,3,67420.23
E0486,44.0,Male,Mumbai,IT,Bachelor's,16,8,135302.45
E0487,44.0,Female,Chennai,Sales,Bachelor's,18,9,146888.39
E0488,58.0,Male,Bangalore,Operations,Bachelor's,6,6,95597.35
E0489,22.0,Female,Hyderabad,Operations,Bachelor's,14,7,106146.33
E0490,42.0,Female,Chennai,Operations,Bachelor's,14,5,117208.55
E0491,56.0,Male,Chennai,Finance,Master's,1,8,81103.19
E0492,34.0,Male,Delhi,Sales,Master's,15,9,129817.65
E0493,29.0,Male,Chennai,HR,Bachelor's,9,10,110066.48
E0494,38.0,Male,Hyderabad,Finance,Master's,3,3,72338.27
E0495,51.0,Male,Mumbai,Operations,Master's,9,1,81473.2
E0496,33.0,Female,Mumbai,Operations,Bachelor's,16,8,128105.86
E0497,45.0,Male,Mumbai,Sales,Bachelor's,19,9,152176.97
E0498,51.0,Female,Delhi,IT,Master's,25,3,161335.41
E0499,45.0,Male,Bangalore,Sales,Bachelor's,11,10,121561.34
E0500,55.0,Female,Hyderabad,Sales,Bachelor's,7,7,94561.32
E0501,48.0,Female,Chennai,Finance,Bachelor's,0,4,53946.85
E0502,28.0,Male,Delhi,Sales,Master's,20,2,125587.98
E0503,47.0,Male,Mumbai,HR,Master's,9,5,100442.91
E0504,22.0,Male,Hyderabad,IT,Master's,23,3,154627.46
E0505,55.0,Female,Bangalore,Sales,Master's,21,8,161518.2
E0506,55.0,Female,Chennai,HR,Master's,10,2,87947.98
E0507,32.0,Male,Hyderabad,HR,Master's,3,2,66733.37
E0508,46.0,Female,Bangalore,IT,Bachelor's,8,1,78877.94
E0509,35.0,Female,Hyderabad,IT,PhD,23,10,172829.56
E0510,58.0,Male,Delhi,Finance,PhD,17,1,125116.73
E0511,43.0,Female,Hyderabad,HR,Bachelor's,19,2,128853.07
E0512,34.0,Female,Chennai,Sales,Bachelor's,25,1,148737.78
E0513,27.0,Male,Hyderabad,IT,PhD,11,8,98483.4
E0514,28.0,Female,Hyderabad,IT,Master's,17,9,143226.48
E0515,23.0,Female,Mumbai,Finance,Master's,14,10,114297.45
E0516,56.0,Female,Bangalore,IT,Master's,12,7,127814.33
E0517,52.0,Female,Bangalore,HR,Master's,25,5,166623.97
E0518,23.0,Male,Chennai,Sales,Master's,2,3,44217.81
E0519,40.0,Female,Bangalore,Sales,Bachelor's,20,4,140571.24
E0520,52.0,Male,Delhi,Operations,Master's,13,6,128981.23
E0011,22.0,Female,Mumbai,IT,Master's,9,7,101406.31
E0021,59.0,Male,Chennai,Sales,Bachelor's,16,8,142087.02
